date,ppm,#days
1974-05-19,333.34,6
1974-05-26,332.95,6
1974-06-02,332.32,5
1974-06-09,332.18,7
1974-06-16,332.37,7
1974-06-23,331.59,6
1974-06-30,331.68,6
1974-07-07,331.44,6
1974-07-14,330.85,5
1974-07-21,330.76,7
1974-07-28,329.8,4
1974-08-04,329.85,5
1974-08-11,329.05,6
1974-08-18,329.06,6
1974-08-25,328.33,7
1974-09-01,328.05,5
1974-09-08,327.57,4
1974-09-15,326.73,6
1974-09-22,326.96,7
1974-09-29,327.31,5
1974-10-06,327.07,6
1974-10-13,327.23,5
1974-10-20,327.4,5
1974-10-27,327.64,7
1974-11-03,327.8,7
1974-11-10,328.5,6
1974-11-17,328.56,7
1974-11-24,328.46,5
1974-12-01,328.76,4
1974-12-08,329.39,7
1974-12-15,329.77,7
1974-12-22,329.96,7
1974-12-29,330.38,7
1975-01-05,330.43,5
1975-01-12,330.59,7
1975-01-19,330.8,7
1975-01-26,331.22,7
1975-02-02,331.64,6
1975-02-09,331.12,7
1975-02-16,331.41,6
1975-02-23,331.96,7
1975-03-02,331.73,3
1975-03-09,331.61,5
1975-03-16,332.11,5
1975-03-23,331.86,4
1975-03-30,333.3,5
1975-04-06,332.79,5
1975-04-13,333.31,4
1975-04-20,333.39,7
1975-04-27,333.49,7
1975-05-04,333.94,7
1975-05-11,334.25,6
1975-05-18,333.45,5
1975-05-25,334.0,7
1975-06-01,333.96,7
1975-06-08,333.32,5
1975-06-15,333.22,7
1975-06-22,333.47,6
1975-06-29,333.01,6
1975-07-06,332.32,6
1975-07-13,331.83,5
1975-07-20,331.36,4
1975-07-27,331.21,5
1975-08-03,331.01,6
1975-08-10,330.38,5
1975-08-17,329.48,6
1975-08-24,328.73,5
1975-08-31,329.24,6
1975-09-07,329.42,3
1975-09-14,327.95,7
1975-09-21,327.96,5
1975-09-28,327.97,5
1975-10-05,-999.99,0
1975-10-12,328.35,1
1975-10-19,328.63,5
1975-10-26,328.8,5
1975-11-02,329.03,6
1975-11-09,329.01,6
1975-11-16,329.25,3
1975-11-23,330.18,2
1975-11-30,329.72,1
1975-12-07,-999.99,0
1975-12-14,-999.99,0
1975-12-21,-999.99,0
1975-12-28,-999.99,0
1976-01-04,331.33,3
1976-01-11,331.62,6
1976-01-18,331.66,6
1976-01-25,331.87,5
1976-02-01,332.45,5
1976-02-08,332.51,5
1976-02-15,332.64,6
1976-02-22,333.49,5
1976-02-29,332.43,3
1976-03-07,332.99,6
1976-03-14,333.56,6
1976-03-21,334.15,3
1976-03-28,334.67,6
1976-04-04,335.06,4
1976-04-11,333.65,2
1976-04-18,334.5,5
1976-04-25,334.93,6
1976-05-02,334.17,4
1976-05-09,334.33,6
1976-05-16,335.29,4
1976-05-23,335.38,5
1976-05-30,334.43,6
1976-06-06,334.25,6
1976-06-13,334.18,5
1976-06-20,334.02,2
1976-06-27,-999.99,0
1976-07-04,333.59,4
1976-07-11,333.48,3
1976-07-18,332.41,4
1976-07-25,332.24,5
1976-08-01,331.69,5
1976-08-08,330.7,6
1976-08-15,330.44,5
1976-08-22,330.23,6
1976-08-29,330.43,2
1976-09-05,329.54,2
1976-09-12,329.54,2
1976-09-19,328.58,6
1976-09-26,328.03,4
1976-10-03,328.55,5
1976-10-10,328.54,4
1976-10-17,329.27,3
1976-10-24,328.77,6
1976-10-31,329.32,4
1976-11-07,330.46,4
1976-11-14,330.17,7
1976-11-21,330.55,7
1976-11-28,330.68,7
1976-12-05,331.19,3
1976-12-12,332.39,2
1976-12-19,331.7,6
1976-12-26,332.39,6
1977-01-02,332.29,5
1977-01-09,332.49,6
1977-01-16,332.88,4
1977-01-23,332.98,7
1977-01-30,332.93,3
1977-02-06,333.21,4
1977-02-13,333.15,5
1977-02-20,333.09,6
1977-02-27,334.34,5
1977-03-06,334.27,5
1977-03-13,335.18,5
1977-03-20,335.32,6
1977-03-27,335.16,4
1977-04-03,335.96,4
1977-04-10,335.85,5
1977-04-17,336.3,7
1977-04-24,336.58,5
1977-05-01,337.0,3
1977-05-08,336.58,3
1977-05-15,337.14,4
1977-05-22,336.97,7
1977-05-29,336.63,6
1977-06-05,336.12,5
1977-06-12,336.01,5
1977-06-19,336.34,5
1977-06-26,335.74,6
1977-07-03,335.46,3
1977-07-10,335.23,5
1977-07-17,334.59,3
1977-07-24,334.09,7
1977-07-31,333.42,5
1977-08-07,332.54,5
1977-08-14,332.84,3
1977-08-21,331.82,3
1977-08-28,332.25,5
1977-09-04,331.18,3
1977-09-11,331.49,7
1977-09-18,330.94,3
1977-09-25,330.92,5
1977-10-02,330.93,6
1977-10-09,331.54,4
1977-10-16,331.27,4
1977-10-23,331.36,7
1977-10-30,331.87,4
1977-11-06,332.08,6
1977-11-13,332.53,4
1977-11-20,332.92,5
1977-11-27,332.65,5
1977-12-04,333.34,6
1977-12-11,333.4,5
1977-12-18,334.03,7
1977-12-25,333.99,6
1978-01-01,334.66,4
1978-01-08,334.56,5
1978-01-15,334.94,5
1978-01-22,335.68,5
1978-01-29,335.23,6
1978-02-05,334.74,6
1978-02-12,335.27,6
1978-02-19,335.5,7
1978-02-26,335.95,7
1978-03-05,336.06,7
1978-03-12,336.73,6
1978-03-19,336.91,5
1978-03-26,337.29,6
1978-04-02,337.33,4
1978-04-09,338.0,4
1978-04-16,337.62,5
1978-04-23,337.87,4
1978-04-30,338.27,5
1978-05-07,338.04,6
1978-05-14,337.89,7
1978-05-21,337.79,5
1978-05-28,338.44,6
1978-06-04,338.46,2
1978-06-11,338.12,5
1978-06-18,337.62,3
1978-06-25,337.47,5
1978-07-02,336.55,4
1978-07-09,336.79,6
1978-07-16,336.34,5
1978-07-23,335.74,5
1978-07-30,335.43,6
1978-08-06,334.64,7
1978-08-13,334.69,4
1978-08-20,334.21,2
1978-08-27,333.78,3
1978-09-03,332.81,3
1978-09-10,331.86,6
1978-09-17,331.75,3
1978-09-24,332.81,4
1978-10-01,332.21,5
1978-10-08,331.85,6
1978-10-15,332.66,5
1978-10-22,332.77,6
1978-10-29,333.22,4
1978-11-05,333.57,5
1978-11-12,333.6,7
1978-11-19,334.12,6
1978-11-26,334.1,4
1978-12-03,334.46,5
1978-12-10,334.96,6
1978-12-17,335.2,7
1978-12-24,335.07,7
1978-12-31,335.2,7
1979-01-07,335.48,7
1979-01-14,336.64,7
1979-01-21,336.93,5
1979-01-28,337.02,4
1979-02-04,336.61,6
1979-02-11,336.52,7
1979-02-18,336.76,7
1979-02-25,336.97,6
1979-03-04,337.93,6
1979-03-11,338.1,3
1979-03-18,338.65,3
1979-03-25,338.97,7
1979-04-01,338.87,1
1979-04-08,338.78,5
1979-04-15,338.77,7
1979-04-22,339.38,6
1979-04-29,339.56,6
1979-05-06,338.6,2
1979-05-13,339.19,4
1979-05-20,-999.99,0
1979-05-27,339.8,3
1979-06-03,339.74,6
1979-06-10,339.03,4
1979-06-17,339.13,6
1979-06-24,338.92,2
1979-07-01,338.14,6
1979-07-08,337.7,5
1979-07-15,337.91,6
1979-07-22,336.67,6
1979-07-29,336.84,5
1979-08-05,336.35,6
1979-08-12,336.18,5
1979-08-19,334.81,7
1979-08-26,335.25,4
1979-09-02,333.74,2
1979-09-09,334.4,4
1979-09-16,333.61,6
1979-09-23,333.61,5
1979-09-30,334.1,6
1979-10-07,334.53,3
1979-10-14,334.09,7
1979-10-21,334.12,6
1979-10-28,334.54,4
1979-11-04,334.8,7
1979-11-11,335.34,7
1979-11-18,335.63,6
1979-11-25,335.88,7
1979-12-02,336.39,7
1979-12-09,336.72,6
1979-12-16,337.01,3
1979-12-23,337.18,3
1979-12-30,337.53,7
1980-01-06,337.4,6
1980-01-13,337.71,6
1980-01-20,338.65,7
1980-01-27,337.89,7
1980-02-03,338.47,5
1980-02-10,338.19,6
1980-02-17,338.35,7
1980-02-24,338.91,7
1980-03-02,339.51,4
1980-03-09,339.83,6
1980-03-16,339.51,6
1980-03-23,340.84,6
1980-03-30,340.64,5
1980-04-06,340.76,6
1980-04-13,340.98,5
1980-04-20,341.15,7
1980-04-27,341.35,6
1980-05-04,341.39,4
1980-05-11,341.71,6
1980-05-18,341.45,6
1980-05-25,341.32,6
1980-06-01,341.64,5
1980-06-08,341.61,6
1980-06-15,341.5,6
1980-06-22,340.76,4
1980-06-29,340.4,4
1980-07-06,339.42,2
1980-07-13,339.31,6
1980-07-20,338.77,6
1980-07-27,338.81,6
1980-08-03,336.78,3
1980-08-10,338.07,5
1980-08-17,338.36,3
1980-08-24,337.21,4
1980-08-31,336.9,3
1980-09-07,336.24,5
1980-09-14,336.24,4
1980-09-21,335.36,3
1980-09-28,335.99,3
1980-10-05,335.72,7
1980-10-12,336.11,7
1980-10-19,336.51,6
1980-10-26,336.69,5
1980-11-02,336.97,6
1980-11-09,337.49,3
1980-11-16,337.2,7
1980-11-23,337.64,7
1980-11-30,337.88,2
1980-12-07,338.11,2
1980-12-14,338.5,6
1980-12-21,338.52,5
1980-12-28,338.6,7
1981-01-04,339.12,6
1981-01-11,339.25,7
1981-01-18,339.55,7
1981-01-25,339.67,5
1981-02-01,339.89,7
1981-02-08,340.7,6
1981-02-15,340.18,5
1981-02-22,341.34,7
1981-03-01,341.23,5
1981-03-08,340.97,5
1981-03-15,341.53,7
1981-03-22,342.49,5
1981-03-29,342.23,6
1981-04-05,342.62,5
1981-04-12,342.8,6
1981-04-19,342.54,7
1981-04-26,342.71,5
1981-05-03,343.08,6
1981-05-10,343.04,7
1981-05-17,342.95,7
1981-05-24,343.0,7
1981-05-31,342.87,5
1981-06-07,342.83,7
1981-06-14,342.4,6
1981-06-21,342.19,5
1981-06-28,341.71,6
1981-07-05,341.3,7
1981-07-12,340.54,5
1981-07-19,340.72,5
1981-07-26,340.05,5
1981-08-02,339.3,7
1981-08-09,338.98,6
1981-08-16,338.18,6
1981-08-23,337.25,5
1981-08-30,337.6,6
1981-09-06,337.1,6
1981-09-13,336.92,6
1981-09-20,336.84,7
1981-09-27,336.24,6
1981-10-04,336.66,7
1981-10-11,337.11,7
1981-10-18,337.22,5
1981-10-25,337.68,6
1981-11-01,338.13,7
1981-11-08,338.29,7
1981-11-15,338.43,5
1981-11-22,339.23,5
1981-11-29,339.72,4
1981-12-06,339.7,5
1981-12-13,339.64,5
1981-12-20,340.03,4
1981-12-27,340.51,3
1982-01-03,340.59,5
1982-01-10,340.75,7
1982-01-17,340.8,6
1982-01-24,341.64,7
1982-01-31,341.77,6
1982-02-07,341.58,7
1982-02-14,341.34,4
1982-02-21,341.97,6
1982-02-28,342.71,6
1982-03-07,342.47,6
1982-03-14,342.71,6
1982-03-21,-999.99,0
1982-03-28,342.84,1
1982-04-04,343.37,5
1982-04-11,-999.99,0
1982-04-18,-999.99,0
1982-04-25,344.91,4
1982-05-02,344.24,6
1982-05-09,344.81,7
1982-05-16,344.67,5
1982-05-23,344.81,6
1982-05-30,343.96,5
1982-06-06,344.05,6
1982-06-13,344.07,6
1982-06-20,343.4,7
1982-06-27,343.28,6
1982-07-04,342.91,7
1982-07-11,342.27,7
1982-07-18,342.09,5
1982-07-25,341.76,6
1982-08-01,341.06,7
1982-08-08,340.6,5
1982-08-15,340.43,5
1982-08-22,339.15,4
1982-08-29,338.88,6
1982-09-05,338.74,6
1982-09-12,338.96,3
1982-09-19,337.24,4
1982-09-26,337.51,7
1982-10-03,337.81,5
1982-10-10,337.96,6
1982-10-17,338.25,7
1982-10-24,339.22,5
1982-10-31,339.02,6
1982-11-07,339.26,7
1982-11-14,339.56,3
1982-11-21,340.37,7
1982-11-28,339.82,6
1982-12-05,340.57,6
1982-12-12,340.81,6
1982-12-19,341.35,7
1982-12-26,341.42,5
1983-01-02,341.69,6
1983-01-09,342.18,5
1983-01-16,341.44,7
1983-01-23,341.72,7
1983-01-30,342.08,5
1983-02-06,342.78,5
1983-02-13,343.05,7
1983-02-20,343.03,7
1983-02-27,342.71,7
1983-03-06,342.63,7
1983-03-13,343.74,6
1983-03-20,344.93,3
1983-03-27,343.74,6
1983-04-03,344.74,6
1983-04-10,345.03,5
1983-04-17,345.6,5
1983-04-24,345.82,7
1983-05-01,345.64,5
1983-05-08,345.94,6
1983-05-15,346.36,7
1983-05-22,346.07,7
1983-05-29,345.95,6
1983-06-05,346.09,5
1983-06-12,345.73,4
1983-06-19,345.39,4
1983-06-26,344.96,5
1983-07-03,345.02,7
1983-07-10,344.31,3
1983-07-17,344.1,4
1983-07-24,343.39,4
1983-07-31,342.75,6
1983-08-07,-999.99,0
1983-08-14,342.06,5
1983-08-21,341.89,5
1983-08-28,340.95,3
1983-09-04,340.34,4
1983-09-11,340.23,2
1983-09-18,340.29,5
1983-09-25,340.39,3
1983-10-02,339.98,6
1983-10-09,340.2,6
1983-10-16,340.82,3
1983-10-23,340.67,4
1983-10-30,341.07,4
1983-11-06,341.37,7
1983-11-13,341.66,6
1983-11-20,341.71,6
1983-11-27,342.24,5
1983-12-04,342.48,2
1983-12-11,342.74,4
1983-12-18,343.43,5
1983-12-25,343.63,6
1984-01-01,344.09,5
1984-01-08,343.78,6
1984-01-15,343.98,4
1984-01-22,344.39,6
1984-01-29,344.59,4
1984-02-05,344.86,5
1984-02-12,344.67,7
1984-02-19,344.98,7
1984-02-26,344.91,5
1984-03-04,345.23,4
1984-03-11,345.52,4
1984-03-18,345.66,7
1984-03-25,345.76,1
1984-04-01,-999.99,0
1984-04-08,-999.99,0
1984-04-15,-999.99,0
1984-04-22,-999.99,0
1984-04-29,347.6,6
1984-05-06,347.36,4
1984-05-13,347.86,6
1984-05-20,347.53,5
1984-05-27,347.51,2
1984-06-03,347.07,6
1984-06-10,347.36,5
1984-06-17,346.97,3
1984-06-24,346.5,7
1984-07-01,346.21,5
1984-07-08,346.07,6
1984-07-15,345.35,4
1984-07-22,344.89,4
1984-07-29,344.74,3
1984-08-05,344.35,4
1984-08-12,344.12,1
1984-08-19,343.05,4
1984-08-26,342.12,2
1984-09-02,340.88,3
1984-09-09,341.1,2
1984-09-16,341.87,5
1984-09-23,341.24,4
1984-09-30,341.9,2
1984-10-07,341.16,5
1984-10-14,341.99,1
1984-10-21,341.91,2
1984-10-28,342.06,5
1984-11-04,342.6,4
1984-11-11,343.08,5
1984-11-18,343.53,5
1984-11-25,343.48,2
1984-12-02,-999.99,0
1984-12-09,344.64,4
1984-12-16,344.93,4
1984-12-23,344.7,2
1984-12-30,345.24,5
1985-01-06,345.3,4
1985-01-13,345.18,5
1985-01-20,345.18,5
1985-01-27,345.62,6
1985-02-03,346.01,3
1985-02-10,345.72,6
1985-02-17,346.49,4
1985-02-24,346.72,3
1985-03-03,347.21,5
1985-03-10,347.57,4
1985-03-17,347.92,3
1985-03-24,348.34,3
1985-03-31,348.23,7
1985-04-07,348.24,4
1985-04-14,347.94,5
1985-04-21,348.69,2
1985-04-28,348.96,6
1985-05-05,349.24,5
1985-05-12,349.1,6
1985-05-19,349.07,4
1985-05-26,348.91,5
1985-06-02,348.86,5
1985-06-09,348.55,6
1985-06-16,348.37,5
1985-06-23,347.79,6
1985-06-30,347.24,7
1985-07-07,347.1,1
1985-07-14,346.89,6
1985-07-21,346.47,3
1985-07-28,345.86,4
1985-08-04,345.33,3
1985-08-11,344.23,2
1985-08-18,344.61,6
1985-08-25,344.76,5
1985-09-01,344.14,6
1985-09-08,343.61,5
1985-09-15,343.38,6
1985-09-22,342.29,6
1985-09-29,342.34,4
1985-10-06,342.92,4
1985-10-13,342.95,7
1985-10-20,343.48,2
1985-10-27,343.75,6
1985-11-03,343.76,5
1985-11-10,344.36,5
1985-11-17,344.81,5
1985-11-24,345.29,6
1985-12-01,345.29,4
1985-12-08,345.9,6
1985-12-15,345.88,6
1985-12-22,346.04,6
1985-12-29,346.68,6
1986-01-05,346.55,5
1986-01-12,346.41,4
1986-01-19,346.78,5
1986-01-26,346.5,7
1986-02-02,346.93,6
1986-02-09,347.22,6
1986-02-16,347.63,7
1986-02-23,347.44,6
1986-03-02,346.98,6
1986-03-09,347.11,1
1986-03-16,347.88,3
1986-03-23,349.34,5
1986-03-30,349.01,5
1986-04-06,349.6,5
1986-04-13,349.79,3
1986-04-20,350.08,7
1986-04-27,350.51,5
1986-05-04,350.17,4
1986-05-11,350.59,3
1986-05-18,350.64,4
1986-05-25,350.1,5
1986-06-01,350.3,6
1986-06-08,350.29,2
1986-06-15,350.04,2
1986-06-22,349.58,6
1986-06-29,349.05,5
1986-07-06,348.81,4
1986-07-13,347.61,5
1986-07-20,347.86,4
1986-07-27,347.74,3
1986-08-03,346.7,5
1986-08-10,346.21,5
1986-08-17,345.66,4
1986-08-24,345.65,4
1986-08-31,345.22,3
1986-09-07,345.64,1
1986-09-14,345.74,4
1986-09-21,344.44,6
1986-09-28,344.86,7
1986-10-05,344.17,7
1986-10-12,344.37,6
1986-10-19,344.46,5
1986-10-26,345.27,5
1986-11-02,345.47,5
1986-11-09,345.98,5
1986-11-16,345.91,4
1986-11-23,346.27,7
1986-11-30,347.12,7
1986-12-07,347.04,7
1986-12-14,347.09,5
1986-12-21,347.23,3
1986-12-28,347.57,6
1987-01-04,348.05,5
1987-01-11,348.79,7
1987-01-18,348.55,7
1987-01-25,348.97,4
1987-02-01,348.41,7
1987-02-08,348.19,7
1987-02-15,348.91,5
1987-02-22,349.55,6
1987-03-01,349.08,6
1987-03-08,349.43,6
1987-03-15,350.0,3
1987-03-22,350.38,5
1987-03-29,351.1,5
1987-04-05,350.74,6
1987-04-12,351.07,5
1987-04-19,351.63,7
1987-04-26,351.73,7
1987-05-03,352.14,5
1987-05-10,352.07,7
1987-05-17,352.02,7
1987-05-24,352.32,5
1987-05-31,352.11,6
1987-06-07,351.74,5
1987-06-14,351.35,6
1987-06-21,351.35,4
1987-06-28,350.58,4
1987-07-05,350.77,5
1987-07-12,349.69,3
1987-07-19,350.21,3
1987-07-26,349.72,3
1987-08-02,347.29,2
1987-08-09,348.77,3
1987-08-16,348.22,3
1987-08-23,347.77,4
1987-08-30,346.8,4
1987-09-06,346.55,4
1987-09-13,346.81,6
1987-09-20,345.76,6
1987-09-27,346.22,7
1987-10-04,346.36,4
1987-10-11,346.56,2
1987-10-18,346.96,6
1987-10-25,346.89,7
1987-11-01,347.38,4
1987-11-08,347.51,6
1987-11-15,348.07,5
1987-11-22,348.71,6
1987-11-29,348.75,5
1987-12-06,348.73,6
1987-12-13,349.23,6
1987-12-20,349.37,7
1987-12-27,349.76,6
1988-01-03,350.14,7
1988-01-10,350.28,6
1988-01-17,350.54,6
1988-01-24,350.71,3
1988-01-31,351.72,4
1988-02-07,351.26,5
1988-02-14,351.24,7
1988-02-21,352.16,6
1988-02-28,353.04,7
1988-03-06,352.4,6
1988-03-13,351.95,6
1988-03-20,351.74,5
1988-03-27,353.05,5
1988-04-03,353.38,6
1988-04-10,353.52,7
1988-04-17,353.61,7
1988-04-24,354.4,5
1988-05-01,353.92,6
1988-05-08,354.19,7
1988-05-15,354.19,6
1988-05-22,354.65,6
1988-05-29,353.94,5
1988-06-05,354.28,7
1988-06-12,353.66,5
1988-06-19,353.34,7
1988-06-26,353.31,7
1988-07-03,352.84,6
1988-07-10,352.99,5
1988-07-17,352.93,6
1988-07-24,351.99,7
1988-07-31,350.89,5
1988-08-07,350.82,7
1988-08-14,350.14,5
1988-08-21,350.18,6
1988-08-28,349.53,6
1988-09-04,348.85,7
1988-09-11,349.13,6
1988-09-18,348.86,7
1988-09-25,348.75,6
1988-10-02,348.95,5
1988-10-09,348.69,6
1988-10-16,349.3,7
1988-10-23,349.45,5
1988-10-30,349.77,6
1988-11-06,349.86,5
1988-11-13,350.15,5
1988-11-20,350.56,7
1988-11-27,350.61,7
1988-12-04,350.9,6
1988-12-11,351.44,7
1988-12-18,351.57,6
1988-12-25,352.08,6
1989-01-01,352.48,6
1989-01-08,353.15,7
1989-01-15,353.0,5
1989-01-22,352.67,6
1989-01-29,353.31,7
1989-02-05,352.8,7
1989-02-12,353.29,6
1989-02-19,353.62,5
1989-02-26,353.77,7
1989-03-05,353.63,7
1989-03-12,353.58,6
1989-03-19,354.09,6
1989-03-26,354.78,7
1989-04-02,354.75,7
1989-04-09,355.4,6
1989-04-16,356.08,6
1989-04-23,356.32,7
1989-04-30,355.76,7
1989-05-07,355.58,6
1989-05-14,356.11,6
1989-05-21,355.96,6
1989-05-28,356.13,7
1989-06-04,355.57,4
1989-06-11,355.46,7
1989-06-18,354.98,7
1989-06-25,355.0,6
1989-07-02,354.76,4
1989-07-09,354.41,7
1989-07-16,353.55,6
1989-07-23,353.26,6
1989-07-30,353.22,6
1989-08-06,352.62,5
1989-08-13,351.95,5
1989-08-20,350.75,6
1989-08-27,350.74,4
1989-09-03,350.96,7
1989-09-10,349.39,4
1989-09-17,349.55,7
1989-09-24,349.9,4
1989-10-01,350.41,3
1989-10-08,349.86,7
1989-10-15,350.34,7
1989-10-22,350.7,5
1989-10-29,350.44,6
1989-11-05,351.32,7
1989-11-12,351.64,5
1989-11-19,351.84,7
1989-11-26,352.05,7
1989-12-03,352.3,6
1989-12-10,353.07,7
1989-12-17,352.9,7
1989-12-24,352.98,5
1989-12-31,353.67,4
1990-01-07,353.53,6
1990-01-14,353.93,7
1990-01-21,353.87,4
1990-01-28,354.34,7
1990-02-04,354.98,7
1990-02-11,355.03,7
1990-02-18,355.37,7
1990-02-25,355.12,6
1990-03-04,355.7,7
1990-03-11,355.73,6
1990-03-18,355.48,6
1990-03-25,356.07,7
1990-04-01,356.21,7
1990-04-08,356.11,6
1990-04-15,356.16,7
1990-04-22,356.81,6
1990-04-29,356.93,7
1990-05-06,357.65,6
1990-05-13,357.2,7
1990-05-20,357.28,6
1990-05-27,357.33,7
1990-06-03,356.93,7
1990-06-10,356.2,7
1990-06-17,356.13,7
1990-06-24,355.74,6
1990-07-01,356.17,7
1990-07-08,354.95,7
1990-07-15,354.25,7
1990-07-22,354.33,6
1990-07-29,353.95,6
1990-08-05,353.13,4
1990-08-12,353.41,6
1990-08-19,353.01,4
1990-08-26,351.73,6
1990-09-02,351.09,7
1990-09-09,350.8,4
1990-09-16,351.69,7
1990-09-23,351.39,7
1990-09-30,351.33,6
1990-10-07,351.48,7
1990-10-14,351.51,5
1990-10-21,351.65,7
1990-10-28,352.33,6
1990-11-04,352.64,7
1990-11-11,353.08,6
1990-11-18,353.38,5
1990-11-25,353.62,5
1990-12-02,353.83,7
1990-12-09,354.39,4
1990-12-16,354.26,7
1990-12-23,354.75,7
1990-12-30,354.71,7
1991-01-06,354.5,6
1991-01-13,354.93,6
1991-01-20,354.85,7
1991-01-27,355.52,6
1991-02-03,355.23,7
1991-02-10,355.78,7
1991-02-17,356.43,6
1991-02-24,355.73,7
1991-03-03,357.08,6
1991-03-10,357.65,7
1991-03-17,357.17,7
1991-03-24,357.39,7
1991-03-31,358.34,7
1991-04-07,357.97,7
1991-04-14,358.65,7
1991-04-21,359.26,7
1991-04-28,359.19,7
1991-05-05,358.86,7
1991-05-12,359.34,7
1991-05-19,359.65,5
1991-05-26,358.74,7
1991-06-02,358.28,7
1991-06-09,358.45,7
1991-06-16,358.07,6
1991-06-23,357.8,7
1991-06-30,357.2,7
1991-07-07,356.67,4
1991-07-14,356.13,7
1991-07-21,355.15,4
1991-07-28,355.45,3
1991-08-04,354.5,6
1991-08-11,354.29,6
1991-08-18,353.21,7
1991-08-25,353.01,6
1991-09-01,353.04,6
1991-09-08,352.51,6
1991-09-15,351.86,6
1991-09-22,351.88,7
1991-09-29,351.66,7
1991-10-06,352.05,6
1991-10-13,352.52,6
1991-10-20,352.69,7
1991-10-27,352.94,5
1991-11-03,353.75,6
1991-11-10,353.71,7
1991-11-17,353.83,7
1991-11-24,354.1,6
1991-12-01,354.56,6
1991-12-08,354.9,7
1991-12-15,355.14,7
1991-12-22,355.5,7
1991-12-29,356.46,7
1992-01-05,356.11,7
1992-01-12,356.25,7
1992-01-19,356.29,7
1992-01-26,356.09,7
1992-02-02,356.89,7
1992-02-09,357.12,7
1992-02-16,357.29,5
1992-02-23,357.26,7
1992-03-01,356.62,6
1992-03-08,357.87,6
1992-03-15,358.3,5
1992-03-22,358.77,5
1992-03-29,357.96,5
1992-04-05,359.13,7
1992-04-12,359.16,6
1992-04-19,359.65,6
1992-04-26,359.26,6
1992-05-03,359.69,7
1992-05-10,358.94,6
1992-05-17,359.13,6
1992-05-24,360.4,5
1992-05-31,360.47,7
1992-06-07,359.77,7
1992-06-14,358.88,7
1992-06-21,358.64,7
1992-06-28,358.77,7
1992-07-05,357.68,5
1992-07-12,356.93,6
1992-07-19,356.36,5
1992-07-26,355.61,7
1992-08-02,355.27,6
1992-08-09,355.62,6
1992-08-16,355.33,3
1992-08-23,354.34,5
1992-08-30,352.89,5
1992-09-06,354.07,6
1992-09-13,352.87,7
1992-09-20,352.6,6
1992-09-27,352.86,6
1992-10-04,353.24,6
1992-10-11,353.58,7
1992-10-18,353.2,7
1992-10-25,353.17,7
1992-11-01,354.26,7
1992-11-08,353.94,7
1992-11-15,354.16,7
1992-11-22,354.72,6
1992-11-29,354.84,7
1992-12-06,355.28,7
1992-12-13,355.44,7
1992-12-20,355.99,7
1992-12-27,356.28,7
1993-01-03,356.93,5
1993-01-10,357.22,7
1993-01-17,356.85,7
1993-01-24,357.05,6
1993-01-31,357.28,7
1993-02-07,356.99,7
1993-02-14,357.16,7
1993-02-21,357.79,7
1993-02-28,358.57,6
1993-03-07,358.32,7
1993-03-14,358.67,7
1993-03-21,357.84,7
1993-03-28,359.19,7
1993-04-04,358.83,6
1993-04-11,359.1,5
1993-04-18,359.63,5
1993-04-25,359.75,7
1993-05-02,359.47,7
1993-05-09,360.12,7
1993-05-16,360.55,6
1993-05-23,360.75,7
1993-05-30,359.99,7
1993-06-06,359.77,7
1993-06-13,359.65,6
1993-06-20,359.18,6
1993-06-27,358.69,7
1993-07-04,357.72,7
1993-07-11,357.72,4
1993-07-18,357.1,5
1993-07-25,356.53,6
1993-08-01,356.43,7
1993-08-08,355.77,6
1993-08-15,355.41,5
1993-08-22,354.83,6
1993-08-29,354.8,5
1993-09-05,354.18,5
1993-09-12,353.84,5
1993-09-19,353.99,7
1993-09-26,354.16,5
1993-10-03,354.06,5
1993-10-10,353.88,7
1993-10-17,354.36,7
1993-10-24,354.34,7
1993-10-31,354.63,7
1993-11-07,355.01,7
1993-11-14,355.61,6
1993-11-21,355.99,7
1993-11-28,356.14,7
1993-12-05,356.52,7
1993-12-12,356.64,6
1993-12-19,357.53,7
1993-12-26,357.48,7
1994-01-02,358.11,7
1994-01-09,358.12,7
1994-01-16,358.4,7
1994-01-23,358.24,5
1994-01-30,358.28,4
1994-02-06,358.92,5
1994-02-13,358.64,7
1994-02-20,359.39,7
1994-02-27,358.88,7
1994-03-06,359.35,7
1994-03-13,360.46,6
1994-03-20,360.6,6
1994-03-27,360.81,7
1994-04-03,361.09,5
1994-04-10,361.01,7
1994-04-17,361.3,7
1994-04-24,361.81,7
1994-05-01,361.98,7
1994-05-08,361.38,7
1994-05-15,361.7,7
1994-05-22,361.51,6
1994-05-29,361.41,7
1994-06-05,360.89,7
1994-06-12,360.89,6
1994-06-19,360.82,5
1994-06-26,360.02,7
1994-07-03,359.95,7
1994-07-10,359.64,7
1994-07-17,359.21,7
1994-07-24,358.83,7
1994-07-31,358.45,7
1994-08-07,357.88,4
1994-08-14,357.7,6
1994-08-21,356.87,5
1994-08-28,356.19,6
1994-09-04,356.48,5
1994-09-11,355.26,6
1994-09-18,355.67,5
1994-09-25,355.35,6
1994-10-02,355.7,7
1994-10-09,355.85,7
1994-10-16,356.14,7
1994-10-23,356.56,6
1994-10-30,356.68,5
1994-11-06,356.97,5
1994-11-13,358.15,7
1994-11-20,357.65,7
1994-11-27,358.07,7
1994-12-04,358.74,7
1994-12-11,359.38,7
1994-12-18,358.82,6
1994-12-25,359.34,5
1995-01-01,359.7,7
1995-01-08,359.54,6
1995-01-15,360.37,7
1995-01-22,360.03,7
1995-01-29,360.14,7
1995-02-05,360.76,7
1995-02-12,361.05,7
1995-02-19,361.01,7
1995-02-26,361.68,7
1995-03-05,361.78,7
1995-03-12,361.1,7
1995-03-19,361.76,6
1995-03-26,362.84,6
1995-04-02,363.75,7
1995-04-09,362.81,7
1995-04-16,363.01,7
1995-04-23,363.51,7
1995-04-30,362.83,5
1995-05-07,363.85,6
1995-05-14,364.4,7
1995-05-21,363.67,7
1995-05-28,363.67,6
1995-06-04,363.79,7
1995-06-11,363.05,7
1995-06-18,362.91,6
1995-06-25,362.44,6
1995-07-02,362.31,4
1995-07-09,362.1,7
1995-07-16,361.42,7
1995-07-23,360.99,7
1995-07-30,360.14,6
1995-08-06,359.76,6
1995-08-13,358.76,4
1995-08-20,358.66,6
1995-08-27,357.84,7
1995-09-03,358.31,4
1995-09-10,358.58,6
1995-09-17,358.77,5
1995-09-24,357.59,7
1995-10-01,357.81,6
1995-10-08,357.72,7
1995-10-15,357.99,7
1995-10-22,358.23,7
1995-10-29,358.83,6
1995-11-05,359.09,5
1995-11-12,359.49,6
1995-11-19,359.8,7
1995-11-26,359.82,6
1995-12-03,360.21,7
1995-12-10,360.55,7
1995-12-17,360.62,7
1995-12-24,361.4,7
1995-12-31,361.84,7
1996-01-07,362.19,7
1996-01-14,361.91,7
1996-01-21,362.21,5
1996-01-28,362.34,6
1996-02-04,362.92,6
1996-02-11,363.03,7
1996-02-18,363.57,7
1996-02-25,363.93,7
1996-03-03,364.09,6
1996-03-10,363.69,7
1996-03-17,364.45,5
1996-03-24,364.49,7
1996-03-31,364.25,5
1996-04-07,364.61,7
1996-04-14,364.7,7
1996-04-21,364.55,7
1996-04-28,365.02,7
1996-05-05,364.69,7
1996-05-12,365.47,6
1996-05-19,365.28,7
1996-05-26,365.04,7
1996-06-02,364.97,7
1996-06-09,365.28,7
1996-06-16,365.07,7
1996-06-23,364.5,7
1996-06-30,364.42,7
1996-07-07,363.82,7
1996-07-14,363.5,7
1996-07-21,363.12,7
1996-07-28,362.04,7
1996-08-04,362.03,7
1996-08-11,361.79,5
1996-08-18,361.01,7
1996-08-25,360.86,6
1996-09-01,360.08,6
1996-09-08,359.94,7
1996-09-15,359.01,6
1996-09-22,359.22,6
1996-09-29,359.29,3
1996-10-06,359.44,7
1996-10-13,359.76,7
1996-10-20,359.52,7
1996-10-27,359.98,7
1996-11-03,360.27,6
1996-11-10,360.85,7
1996-11-17,361.37,7
1996-11-24,361.25,7
1996-12-01,361.63,5
1996-12-08,362.23,7
1996-12-15,362.48,7
1996-12-22,362.32,7
1996-12-29,362.76,7
1997-01-05,362.96,7
1997-01-12,362.97,7
1997-01-19,363.5,7
1997-01-26,363.2,7
1997-02-02,363.56,7
1997-02-09,364.29,7
1997-02-16,363.64,7
1997-02-23,364.74,6
1997-03-02,363.87,7
1997-03-09,364.16,7
1997-03-16,364.63,7
1997-03-23,365.19,7
1997-03-30,365.74,6
1997-04-06,365.96,3
1997-04-13,366.5,7
1997-04-20,366.7,3
1997-04-27,366.61,7
1997-05-04,366.48,7
1997-05-11,366.82,7
1997-05-18,367.01,7
1997-05-25,366.24,5
1997-06-01,366.07,5
1997-06-08,365.76,6
1997-06-15,365.35,7
1997-06-22,365.22,7
1997-06-29,365.1,7
1997-07-06,364.78,4
1997-07-13,364.47,6
1997-07-20,363.6,6
1997-07-27,363.58,5
1997-08-03,363.19,6
1997-08-10,362.63,6
1997-08-17,361.19,4
1997-08-24,361.54,7
1997-08-31,361.44,5
1997-09-07,360.08,7
1997-09-14,360.33,7
1997-09-21,359.88,5
1997-09-28,359.99,5
1997-10-05,360.53,5
1997-10-12,360.72,7
1997-10-19,361.02,7
1997-10-26,361.3,6
1997-11-02,362.05,7
1997-11-09,362.14,7
1997-11-16,362.52,7
1997-11-23,363.27,7
1997-11-30,363.95,7
1997-12-07,364.04,7
1997-12-14,364.33,6
1997-12-21,364.75,7
1997-12-28,365.03,7
1998-01-04,365.31,7
1998-01-11,365.31,7
1998-01-18,365.1,6
1998-01-25,365.38,7
1998-02-01,365.97,7
1998-02-08,365.62,7
1998-02-15,365.67,7
1998-02-22,366.67,7
1998-03-01,367.1,7
1998-03-08,366.66,7
1998-03-15,366.83,7
1998-03-22,367.77,7
1998-03-29,368.81,7
1998-04-05,368.34,7
1998-04-12,368.47,6
1998-04-19,368.35,7
1998-04-26,369.55,7
1998-05-03,369.72,7
1998-05-10,368.32,7
1998-05-17,369.58,6
1998-05-24,369.94,7
1998-05-31,369.61,6
1998-06-07,369.14,7
1998-06-14,368.8,6
1998-06-21,368.75,7
1998-06-28,368.19,6
1998-07-05,368.41,5
1998-07-12,367.73,5
1998-07-19,367.9,6
1998-07-26,367.1,5
1998-08-02,366.9,7
1998-08-09,366.23,7
1998-08-16,365.54,7
1998-08-23,365.34,7
1998-08-30,364.74,6
1998-09-06,364.32,7
1998-09-13,363.65,6
1998-09-20,363.51,7
1998-09-27,364.06,6
1998-10-04,364.1,7
1998-10-11,364.3,7
1998-10-18,364.53,6
1998-10-25,364.79,7
1998-11-01,364.94,7
1998-11-08,365.39,5
1998-11-15,365.95,3
1998-11-22,365.82,6
1998-11-29,366.59,5
1998-12-06,366.8,5
1998-12-13,367.15,6
1998-12-20,367.28,7
1998-12-27,367.63,7
1999-01-03,367.8,7
1999-01-10,368.1,7
1999-01-17,367.82,5
1999-01-24,369.08,6
1999-01-31,369.27,5
1999-02-07,369.11,7
1999-02-14,368.62,4
1999-02-21,369.08,6
1999-02-28,368.03,4
1999-03-07,369.24,7
1999-03-14,370.18,5
1999-03-21,370.56,5
1999-03-28,370.66,7
1999-04-04,371.73,6
1999-04-11,371.51,7
1999-04-18,370.29,7
1999-04-25,370.6,6
1999-05-02,371.52,6
1999-05-09,371.07,7
1999-05-16,370.58,5
1999-05-23,370.72,6
1999-05-30,370.71,7
1999-06-06,370.39,6
1999-06-13,370.41,7
1999-06-20,369.89,5
1999-06-27,369.78,4
1999-07-04,370.05,6
1999-07-11,370.13,7
1999-07-18,369.09,7
1999-07-25,368.27,6
1999-08-01,367.7,5
1999-08-08,367.35,6
1999-08-15,366.6,7
1999-08-22,366.27,5
1999-08-29,365.18,6
1999-09-05,364.36,6
1999-09-12,365.16,6
1999-09-19,365.05,7
1999-09-26,364.67,7
1999-10-03,365.15,7
1999-10-10,365.19,7
1999-10-17,365.6,7
1999-10-24,365.65,7
1999-10-31,365.98,7
1999-11-07,366.65,7
1999-11-14,366.76,5
1999-11-21,367.08,7
1999-11-28,367.44,5
1999-12-05,367.87,7
1999-12-12,367.89,6
1999-12-19,368.27,6
1999-12-26,368.73,6
2000-01-02,368.74,7
2000-01-09,368.87,7
2000-01-16,370.03,4
2000-01-23,370.08,5
2000-01-30,369.26,5
2000-02-06,369.61,3
2000-02-13,369.98,4
2000-02-20,369.36,6
2000-02-27,370.11,7
2000-03-05,370.07,7
2000-03-12,370.64,7
2000-03-19,370.93,6
2000-03-26,371.13,7
2000-04-02,371.06,7
2000-04-09,372.0,6
2000-04-16,372.33,6
2000-04-23,371.92,6
2000-04-30,370.91,7
2000-05-07,371.88,6
2000-05-14,371.5,7
2000-05-21,372.08,7
2000-05-28,371.87,5
2000-06-04,371.92,6
2000-06-11,371.67,7
2000-06-18,371.79,6
2000-06-25,371.25,7
2000-07-02,370.22,6
2000-07-09,370.15,7
2000-07-16,369.94,5
2000-07-23,369.19,4
2000-07-30,368.93,7
2000-08-06,368.48,7
2000-08-13,368.25,7
2000-08-20,367.56,5
2000-08-27,367.56,5
2000-09-03,367.18,6
2000-09-10,367.19,6
2000-09-17,366.74,7
2000-09-24,366.72,5
2000-10-01,366.65,7
2000-10-08,366.73,7
2000-10-15,366.99,6
2000-10-22,367.47,7
2000-10-29,367.85,7
2000-11-05,368.05,5
2000-11-12,368.59,7
2000-11-19,368.48,4
2000-11-26,368.69,6
2000-12-03,369.68,7
2000-12-10,369.66,7
2000-12-17,369.64,7
2000-12-24,369.86,7
2000-12-31,370.17,7
2001-01-07,370.3,7
2001-01-14,370.67,6
2001-01-21,370.52,7
2001-01-28,371.36,7
2001-02-04,371.58,6
2001-02-11,371.96,6
2001-02-18,371.48,7
2001-02-25,371.73,7
2001-03-04,372.19,5
2001-03-11,372.53,6
2001-03-18,372.54,7
2001-03-25,372.34,5
2001-04-01,372.45,7
2001-04-08,373.61,7
2001-04-15,373.7,7
2001-04-22,373.6,7
2001-04-29,373.55,5
2001-05-06,373.93,4
2001-05-13,373.74,4
2001-05-20,373.9,7
2001-05-27,373.87,7
2001-06-03,373.47,5
2001-06-10,373.05,5
2001-06-17,373.11,7
2001-06-24,373.02,7
2001-07-01,372.48,7
2001-07-08,371.34,4
2001-07-15,371.3,7
2001-07-22,370.87,5
2001-07-29,370.88,3
2001-08-05,369.92,7
2001-08-12,369.2,6
2001-08-19,369.32,7
2001-08-26,369.28,7
2001-09-02,368.33,7
2001-09-09,368.56,6
2001-09-16,368.05,7
2001-09-23,367.81,6
2001-09-30,368.07,7
2001-10-07,368.29,7
2001-10-14,368.18,7
2001-10-21,368.71,7
2001-10-28,369.12,7
2001-11-04,369.09,6
2001-11-11,369.83,3
2001-11-18,370.22,6
2001-11-25,370.44,7
2001-12-02,370.78,7
2001-12-09,371.23,6
2001-12-16,371.26,7
2001-12-23,371.69,6
2001-12-30,372.2,7
2002-01-06,372.2,7
2002-01-13,372.74,7
2002-01-20,372.58,7
2002-01-27,372.82,4
2002-02-03,372.95,7
2002-02-10,373.0,7
2002-02-17,373.08,7
2002-02-24,373.74,7
2002-03-03,373.88,6
2002-03-10,374.13,7
2002-03-17,374.64,5
2002-03-24,374.28,3
2002-03-31,374.26,7
2002-04-07,374.53,7
2002-04-14,375.23,6
2002-04-21,375.41,7
2002-04-28,376.05,7
2002-05-05,375.6,6
2002-05-12,375.07,6
2002-05-19,375.93,7
2002-05-26,376.24,7
2002-06-02,375.9,7
2002-06-09,375.45,7
2002-06-16,375.23,5
2002-06-23,375.49,7
2002-06-30,374.82,7
2002-07-07,374.47,7
2002-07-14,374.01,5
2002-07-21,373.34,5
2002-07-28,373.33,6
2002-08-04,372.57,6
2002-08-11,371.81,6
2002-08-18,371.33,7
2002-08-25,370.93,6
2002-09-01,370.26,5
2002-09-08,371.63,5
2002-09-15,370.83,6
2002-09-22,370.5,5
2002-09-29,369.88,7
2002-10-06,369.91,7
2002-10-13,371.24,7
2002-10-20,370.68,7
2002-10-27,371.06,7
2002-11-03,371.97,7
2002-11-10,371.86,7
2002-11-17,372.73,7
2002-11-24,372.77,6
2002-12-01,373.04,7
2002-12-08,373.59,7
2002-12-15,373.57,7
2002-12-22,374.47,7
2002-12-29,374.69,7
2003-01-05,374.55,7
2003-01-12,375.02,7
2003-01-19,374.92,6
2003-01-26,375.3,7
2003-02-02,375.17,7
2003-02-09,375.11,7
2003-02-16,376.38,7
2003-02-23,376.02,6
2003-03-02,376.3,7
2003-03-09,376.36,6
2003-03-16,375.96,5
2003-03-23,377.0,7
2003-03-30,376.85,7
2003-04-06,377.13,7
2003-04-13,377.79,4
2003-04-20,378.35,7
2003-04-27,378.63,7
2003-05-04,378.07,6
2003-05-11,378.07,7
2003-05-18,379.43,7
2003-05-25,378.72,7
2003-06-01,378.42,6
2003-06-08,378.49,4
2003-06-15,378.12,7
2003-06-22,378.31,6
2003-06-29,377.58,6
2003-07-06,376.57,7
2003-07-13,377.23,6
2003-07-20,376.39,7
2003-07-27,375.91,7
2003-08-03,374.94,6
2003-08-10,374.67,7
2003-08-17,373.89,6
2003-08-24,373.44,2
2003-08-31,373.21,3
2003-09-07,373.12,7
2003-09-14,372.88,6
2003-09-21,373.35,6
2003-09-28,373.28,7
2003-10-05,372.92,7
2003-10-12,372.79,7
2003-10-19,373.43,6
2003-10-26,373.4,6
2003-11-02,373.96,4
2003-11-09,374.52,7
2003-11-16,374.89,7
2003-11-23,375.27,7
2003-11-30,375.32,7
2003-12-07,375.74,7
2003-12-14,376.34,7
2003-12-21,376.14,4
2003-12-28,376.35,6
2004-01-04,376.34,7
2004-01-11,376.95,7
2004-01-18,377.12,7
2004-01-25,377.95,6
2004-02-01,377.87,7
2004-02-08,378.43,7
2004-02-15,377.49,7
2004-02-22,377.62,7
2004-02-29,378.29,7
2004-03-07,378.96,5
2004-03-14,379.23,6
2004-03-21,378.5,7
2004-03-28,379.72,7
2004-04-04,380.0,5
2004-04-11,380.73,7
2004-04-18,380.38,5
2004-04-25,380.64,7
2004-05-02,380.72,6
2004-05-09,380.71,7
2004-05-16,380.25,7
2004-05-23,381.07,5
2004-05-30,379.94,7
2004-06-06,380.09,6
2004-06-13,380.16,3
2004-06-20,379.37,5
2004-06-27,379.14,5
2004-07-04,378.33,4
2004-07-11,377.89,5
2004-07-18,376.74,7
2004-07-25,376.42,6
2004-08-01,376.76,4
2004-08-08,376.26,6
2004-08-15,375.77,4
2004-08-22,376.09,2
2004-08-29,373.99,1
2004-09-05,374.44,6
2004-09-12,374.05,4
2004-09-19,374.4,3
2004-09-26,374.31,3
2004-10-03,373.98,5
2004-10-10,374.22,7
2004-10-17,374.57,7
2004-10-24,374.96,7
2004-10-31,375.31,6
2004-11-07,375.44,7
2004-11-14,376.8,7
2004-11-21,376.73,7
2004-11-28,376.82,7
2004-12-05,377.54,7
2004-12-12,377.24,7
2004-12-19,377.78,7
2004-12-26,377.83,6
2005-01-02,378.21,7
2005-01-09,378.44,7
2005-01-16,378.35,7
2005-01-23,378.63,7
2005-01-30,379.42,6
2005-02-06,379.23,6
2005-02-13,379.92,5
2005-02-20,379.87,7
2005-02-27,381.36,5
2005-03-06,380.06,5
2005-03-13,381.28,7
2005-03-20,380.22,7
2005-03-27,381.76,6
2005-04-03,382.3,6
2005-04-10,382.1,5
2005-04-17,382.18,7
2005-04-24,382.57,6
2005-05-01,381.94,7
2005-05-08,381.98,7
2005-05-15,382.63,7
2005-05-22,383.01,7
2005-05-29,382.79,7
2005-06-05,382.63,7
2005-06-12,382.41,6
2005-06-19,381.95,7
2005-06-26,381.36,6
2005-07-03,381.11,6
2005-07-10,380.85,6
2005-07-17,380.74,7
2005-07-24,380.14,7
2005-07-31,379.83,6
2005-08-07,378.9,6
2005-08-14,378.83,7
2005-08-21,378.0,6
2005-08-28,377.95,4
2005-09-04,377.32,6
2005-09-11,376.16,6
2005-09-18,376.35,6
2005-09-25,376.46,7
2005-10-02,376.65,7
2005-10-09,376.91,4
2005-10-16,-999.99,0
2005-10-23,377.52,2
2005-10-30,377.8,3
2005-11-06,377.94,7
2005-11-13,378.86,5
2005-11-20,378.48,4
2005-11-27,379.02,7
2005-12-04,379.93,6
2005-12-11,380.18,7
2005-12-18,380.24,4
2005-12-25,380.49,6
2006-01-01,381.26,3
2006-01-08,381.2,7
2006-01-15,381.55,4
2006-01-22,381.62,7
2006-01-29,381.62,6
2006-02-05,382.28,5
2006-02-12,382.59,7
2006-02-19,381.94,7
2006-02-26,382.14,7
2006-03-05,382.89,6
2006-03-12,382.89,7
2006-03-19,382.91,7
2006-03-26,382.43,6
2006-04-02,384.17,4
2006-04-09,384.74,6
2006-04-16,384.86,7
2006-04-23,384.76,7
2006-04-30,384.88,6
2006-05-07,385.03,6
2006-05-14,385.32,5
2006-05-21,384.96,6
2006-05-28,384.66,5
2006-06-04,384.18,6
2006-06-11,384.28,7
2006-06-18,383.93,6
2006-06-25,383.44,7
2006-07-02,383.11,6
2006-07-09,382.83,5
2006-07-16,381.8,4
2006-07-23,382.11,6
2006-07-30,381.51,7
2006-08-06,380.59,5
2006-08-13,380.4,6
2006-08-20,379.79,6
2006-08-27,379.55,6
2006-09-03,378.69,6
2006-09-10,379.14,6
2006-09-17,378.66,7
2006-09-24,378.87,7
2006-10-01,378.92,5
2006-10-08,378.9,7
2006-10-15,378.93,4
2006-10-22,379.48,4
2006-10-29,379.64,7
2006-11-05,379.76,7
2006-11-12,380.0,7
2006-11-19,380.38,7
2006-11-26,381.24,6
2006-12-03,381.47,7
2006-12-10,381.7,7
2006-12-17,382.18,5
2006-12-24,382.0,5
2006-12-31,382.08,7
2007-01-07,382.92,3
2007-01-14,382.43,5
2007-01-21,383.55,6
2007-01-28,383.67,7
2007-02-04,383.26,7
2007-02-11,384.81,4
2007-02-18,384.71,3
2007-02-25,384.0,7
2007-03-04,383.41,7
2007-03-11,384.33,6
2007-03-18,385.08,5
2007-03-25,385.85,5
2007-04-01,385.85,6
2007-04-08,385.78,6
2007-04-15,387.29,7
2007-04-22,386.96,5
2007-04-29,386.6,7
2007-05-06,386.25,7
2007-05-13,386.65,6
2007-05-20,386.51,7
2007-05-27,386.91,6
2007-06-03,386.9,7
2007-06-10,386.43,6
2007-06-17,385.7,6
2007-06-24,385.04,5
2007-07-01,385.38,7
2007-07-08,385.12,7
2007-07-15,384.08,6
2007-07-22,383.8,4
2007-07-29,382.87,7
2007-08-05,382.39,3
2007-08-12,381.87,7
2007-08-19,382.09,4
2007-08-26,381.62,4
2007-09-02,381.52,5
2007-09-09,380.65,5
2007-09-16,380.79,3
2007-09-23,380.67,7
2007-09-30,380.87,7
2007-10-07,380.94,6
2007-10-14,381.02,6
2007-10-21,381.34,7
2007-10-28,381.75,7
2007-11-04,382.01,7
2007-11-11,382.21,7
2007-11-18,383.04,7
2007-11-25,382.87,6
2007-12-02,383.66,4
2007-12-09,383.68,6
2007-12-16,384.38,5
2007-12-23,383.88,4
2007-12-30,384.76,7
2008-01-06,384.39,7
2008-01-13,385.79,7
2008-01-20,385.99,7
2008-01-27,386.76,7
2008-02-03,386.01,7
2008-02-10,385.95,7
2008-02-17,385.3,5
2008-02-24,385.36,6
2008-03-02,385.81,6
2008-03-09,385.72,7
2008-03-16,385.82,7
2008-03-23,386.74,7
2008-03-30,388.09,7
2008-04-06,386.73,6
2008-04-13,386.48,7
2008-04-20,387.33,3
2008-04-27,387.27,6
2008-05-04,388.52,6
2008-05-11,388.87,5
2008-05-18,388.89,5
2008-05-25,388.59,6
2008-06-01,388.54,7
2008-06-08,387.47,6
2008-06-15,387.88,6
2008-06-22,387.34,4
2008-06-29,-999.99,0
2008-07-06,-999.99,0
2008-07-13,-999.99,0
2008-07-20,386.37,5
2008-07-27,384.9,7
2008-08-03,385.23,6
2008-08-10,383.93,5
2008-08-17,383.68,6
2008-08-24,383.3,6
2008-08-31,383.51,6
2008-09-07,383.03,6
2008-09-14,383.37,5
2008-09-21,383.06,7
2008-09-28,382.75,7
2008-10-05,382.87,5
2008-10-12,382.85,7
2008-10-19,383.07,6
2008-10-26,383.99,2
2008-11-02,383.79,6
2008-11-09,384.11,7
2008-11-16,384.34,6
2008-11-23,384.49,7
2008-11-30,385.05,7
2008-12-07,385.29,7
2008-12-14,385.54,7
2008-12-21,385.93,7
2008-12-28,386.23,5
2009-01-04,386.4,7
2009-01-11,387.02,7
2009-01-18,387.14,7
2009-01-25,387.5,6
2009-02-01,387.03,6
2009-02-08,386.94,6
2009-02-15,387.62,7
2009-02-22,388.22,7
2009-03-01,389.08,6
2009-03-08,388.8,6
2009-03-15,388.2,7
2009-03-22,389.29,6
2009-03-29,389.04,7
2009-04-05,389.43,7
2009-04-12,388.93,6
2009-04-19,389.56,7
2009-04-26,390.52,7
2009-05-03,389.76,6
2009-05-10,390.17,7
2009-05-17,390.38,7
2009-05-24,390.41,7
2009-05-31,389.85,7
2009-06-07,390.2,7
2009-06-14,389.42,7
2009-06-21,388.49,6
2009-06-28,388.69,6
2009-07-05,388.48,5
2009-07-12,388.36,4
2009-07-19,387.68,6
2009-07-26,387.37,5
2009-08-02,387.06,7
2009-08-09,386.01,5
2009-08-16,385.7,7
2009-08-23,385.86,5
2009-08-30,385.15,7
2009-09-06,384.69,6
2009-09-13,384.76,6
2009-09-20,384.62,7
2009-09-27,384.03,7
2009-10-04,383.88,6
2009-10-11,384.38,7
2009-10-18,384.71,7
2009-10-25,385.01,7
2009-11-01,385.36,7
2009-11-08,385.69,7
2009-11-15,386.34,7
2009-11-22,386.38,7
2009-11-29,387.07,7
2009-12-06,386.97,6
2009-12-13,386.87,1
2009-12-20,388.4,3
2009-12-27,388.6,7
2010-01-03,388.17,7
2010-01-10,388.33,6
2010-01-17,388.33,7
2010-01-24,389.01,7
2010-01-31,390.71,5
2010-02-07,390.35,6
2010-02-14,390.22,6
2010-02-21,389.57,3
2010-02-28,390.93,6
2010-03-07,391.38,6
2010-03-14,391.17,4
2010-03-21,390.29,6
2010-03-28,391.77,7
2010-04-04,391.19,6
2010-04-11,392.71,5
2010-04-18,393.3,7
2010-04-25,393.2,6
2010-05-02,393.01,5
2010-05-09,392.6,7
2010-05-16,393.42,7
2010-05-23,392.71,6
2010-05-30,393.3,7
2010-06-06,392.75,7
2010-06-13,391.85,6
2010-06-20,391.64,6
2010-06-27,391.15,7
2010-07-04,390.55,7
2010-07-11,389.85,7
2010-07-18,390.26,5
2010-07-25,389.82,7
2010-08-01,388.86,6
2010-08-08,388.82,7
2010-08-15,388.47,5
2010-08-22,387.62,5
2010-08-29,387.53,7
2010-09-05,386.14,6
2010-09-12,387.06,7
2010-09-19,386.78,7
2010-09-26,386.78,7
2010-10-03,386.95,7
2010-10-10,386.84,7
2010-10-17,387.43,7
2010-10-24,387.83,7
2010-10-31,388.05,7
2010-11-07,387.96,6
2010-11-14,388.63,7
2010-11-21,389.49,7
2010-11-28,389.66,6
2010-12-05,389.78,6
2010-12-12,389.44,7
2010-12-19,390.15,7
2010-12-26,389.94,6
2011-01-02,391.64,7
2011-01-09,390.76,6
2011-01-16,391.52,6
2011-01-23,391.37,7
2011-01-30,392.07,7
2011-02-06,391.44,7
2011-02-13,391.65,7
2011-02-20,392.05,7
2011-02-27,392.06,7
2011-03-06,391.88,7
2011-03-13,392.49,7
2011-03-20,392.89,6
2011-03-27,394.0,6
2011-04-03,393.0,7
2011-04-10,393.08,7
2011-04-17,393.55,6
2011-04-24,393.31,6
2011-05-01,394.14,6
2011-05-08,392.89,7
2011-05-15,394.91,7
2011-05-22,394.85,7
2011-05-29,394.19,7
2011-06-05,393.49,5
2011-06-12,393.79,7
2011-06-19,393.54,7
2011-06-26,393.45,7
2011-07-03,393.5,7
2011-07-10,393.29,4
2011-07-17,391.32,6
2011-07-24,391.98,6
2011-07-31,391.19,7
2011-08-07,390.6,5
2011-08-14,390.14,7
2011-08-21,389.39,7
2011-08-28,389.52,5
2011-09-04,389.04,4
2011-09-11,389.14,6
2011-09-18,389.08,7
2011-09-25,388.67,7
2011-10-02,388.77,7
2011-10-09,388.8,7
2011-10-16,389.03,7
2011-10-23,389.24,7
2011-10-30,389.61,7
2011-11-06,389.76,6
2011-11-13,390.44,6
2011-11-20,390.51,7
2011-11-27,391.15,7
2011-12-04,391.36,7
2011-12-11,392.01,6
2011-12-18,392.35,5
2011-12-25,392.2,7
2012-01-01,392.96,7
2012-01-08,393.37,6
2012-01-15,392.97,7
2012-01-22,393.34,7
2012-01-29,393.24,6
2012-02-05,393.71,7
2012-02-12,393.49,7
2012-02-19,394.44,5
2012-02-26,394.26,7
2012-03-04,393.55,7
2012-03-11,394.27,7
2012-03-18,394.79,7
2012-03-25,395.12,6
2012-04-01,395.32,7
2012-04-08,396.62,6
2012-04-15,396.16,7
2012-04-22,396.61,7
2012-04-29,396.92,7
2012-05-06,397.12,7
2012-05-13,396.99,7
2012-05-20,396.12,7
2012-05-27,396.3,6
2012-06-03,395.73,7
2012-06-10,396.24,6
2012-06-17,395.57,7
2012-06-24,395.25,6
2012-07-01,394.96,6
2012-07-08,394.36,6
2012-07-15,394.47,7
2012-07-22,394.08,4
2012-07-29,393.43,7
2012-08-05,393.24,6
2012-08-12,392.49,7
2012-08-19,391.36,7
2012-08-26,391.79,7
2012-09-02,391.86,6
2012-09-09,390.91,6
2012-09-16,390.79,7
2012-09-23,390.89,6
2012-09-30,390.81,7
2012-10-07,390.96,6
2012-10-14,390.89,6
2012-10-21,391.33,6
2012-10-28,391.56,6
2012-11-04,392.29,7
2012-11-11,393.26,7
2012-11-18,393.16,7
2012-11-25,393.71,7
2012-12-02,393.64,6
2012-12-09,394.4,7
2012-12-16,394.53,7
2012-12-23,394.84,6
2012-12-30,394.5,6
2013-01-06,395.34,6
2013-01-13,395.98,6
2013-01-20,395.78,7
2013-01-27,395.77,7
2013-02-03,396.63,6
2013-02-10,396.97,6
2013-02-17,397.15,7
2013-02-24,396.73,6
2013-03-03,397.65,6
2013-03-10,396.94,7
2013-03-17,397.36,7
2013-03-24,397.96,7
2013-03-31,398.07,6
2013-04-07,397.76,7
2013-04-14,397.96,2
2013-04-21,399.2,6
2013-04-28,399.53,6
2013-05-05,399.52,6
2013-05-12,399.74,5
2013-05-19,399.93,7
2013-05-26,399.88,7
2013-06-02,399.18,7
2013-06-09,398.61,6
2013-06-16,398.14,7
2013-06-23,398.64,4
2013-06-30,398.24,5
2013-07-07,397.74,4
2013-07-14,397.08,4
2013-07-21,396.82,6
2013-07-28,396.68,6
2013-08-04,395.67,6
2013-08-11,395.13,6
2013-08-18,395.15,5
2013-08-25,394.22,7
2013-09-01,393.85,7
2013-09-08,393.35,6
2013-09-15,393.3,6
2013-09-22,393.38,6
2013-09-29,393.31,7
2013-10-06,393.34,7
2013-10-13,393.68,4
2013-10-20,393.98,7
2013-10-27,394.24,7
2013-11-03,394.46,7
2013-11-10,395.53,7
2013-11-17,394.87,7
2013-11-24,396.0,7
2013-12-01,396.26,7
2013-12-08,396.14,7
2013-12-15,397.43,6
2013-12-22,397.27,7
2013-12-29,397.41,7
2014-01-05,398.23,7
2014-01-12,397.74,7
2014-01-19,397.97,7
2014-01-26,397.83,7
2014-02-02,397.96,7
2014-02-09,397.87,7
2014-02-16,398.08,6
2014-02-23,397.97,6
2014-03-02,398.43,5
2014-03-09,399.8,7
2014-03-16,401.24,4
2014-03-23,400.06,5
2014-03-30,400.62,7
2014-04-06,401.12,7
2014-04-13,401.74,6
2014-04-20,401.59,7
2014-04-27,401.74,6
2014-05-04,401.71,3
2014-05-11,401.71,2
2014-05-18,401.75,7
2014-05-25,401.82,7
2014-06-01,401.82,7
2014-06-08,401.5,6
2014-06-15,401.03,7
2014-06-22,400.94,6
2014-06-29,400.22,7
2014-07-06,399.84,7
2014-07-13,398.76,5
2014-07-20,398.84,5
2014-07-27,397.42,5
2014-08-03,397.78,4
2014-08-10,397.23,5
2014-08-17,396.77,4
2014-08-24,396.32,5
2014-08-31,396.37,4
2014-09-07,395.02,6
2014-09-14,395.08,3
2014-09-21,395.45,6
2014-09-28,395.33,6
2014-10-05,395.56,7
2014-10-12,395.65,5
2014-10-19,395.86,5
2014-10-26,397.51,5
2014-11-02,396.77,7
2014-11-09,397.22,6
2014-11-16,397.32,7
2014-11-23,397.87,5
2014-11-30,398.2,7
2014-12-07,399.12,5
2014-12-14,399.11,7
2014-12-21,398.92,7
2014-12-28,399.84,7
2015-01-04,399.85,7
2015-01-11,400.16,6
2015-01-18,399.51,7
2015-01-25,400.2,7
2015-02-01,400.23,7
2015-02-08,399.95,7
2015-02-15,399.93,7
2015-02-22,401.12,6
2015-03-01,401.28,4
2015-03-08,402.04,6
2015-03-15,400.78,6
2015-03-22,401.77,7
2015-03-29,401.96,4
2015-04-05,403.44,6
2015-04-12,404.04,6
2015-04-19,403.07,7
2015-04-26,403.8,7
2015-05-03,404.13,6
2015-05-10,403.96,7
2015-05-17,403.97,7
2015-05-24,403.81,7
2015-05-31,403.21,6
2015-06-07,403.24,7
2015-06-14,402.39,7
2015-06-21,402.7,7
2015-06-28,402.17,5
2015-07-05,401.73,6
2015-07-12,401.39,5
2015-07-19,401.25,3
2015-07-26,400.21,7
2015-08-02,398.36,6
2015-08-09,399.19,6
2015-08-16,399.14,6
2015-08-23,398.85,7
2015-08-30,398.49,7
2015-09-06,397.77,6
2015-09-13,397.24,4
2015-09-20,397.33,7
2015-09-27,397.2,5
2015-10-04,398.37,7
2015-10-11,398.18,6
2015-10-18,398.52,6
2015-10-25,398.48,7
2015-11-01,399.06,6
2015-11-08,400.43,6
2015-11-15,400.35,6
2015-11-22,400.37,7
2015-11-29,400.8,7
2015-12-06,401.31,6
2015-12-13,402.35,7
2015-12-20,402.6,7
2015-12-27,402.08,7
2016-01-03,402.15,5
2016-01-10,402.48,5
2016-01-17,402.61,7
2016-01-24,403.15,7
2016-01-31,404.6,5
2016-02-07,403.86,6
2016-02-14,403.68,7
2016-02-21,404.39,7
2016-02-28,404.17,6
2016-03-06,404.0,6
2016-03-13,404.78,7
2016-03-20,405.66,5
2016-03-27,405.45,7
2016-04-03,406.6,4
2016-04-10,408.72,6
2016-04-17,407.45,7
2016-04-24,407.81,6
2016-05-01,407.56,7
2016-05-08,407.86,7
2016-05-15,407.31,7
2016-05-22,408.33,6
2016-05-29,407.55,5
2016-06-05,406.88,7
2016-06-12,407.22,6
2016-06-19,406.66,6
2016-06-26,405.99,5
2016-07-03,405.59,6
2016-07-10,404.5,6
2016-07-17,403.41,7
2016-07-24,403.85,7
2016-07-31,403.49,6
2016-08-07,402.9,5
2016-08-14,401.87,4
2016-08-21,401.99,6
2016-08-28,401.0,5
2016-09-04,400.99,6
2016-09-11,401.35,5
2016-09-18,400.89,7
2016-09-25,400.74,5
2016-10-02,400.93,7
2016-10-09,401.59,6
2016-10-16,401.67,7
2016-10-23,402.09,6
2016-10-30,402.83,7
2016-11-06,402.78,5
2016-11-13,403.76,7
2016-11-20,404.0,7
2016-11-27,404.4,5
2016-12-04,403.89,7
2016-12-11,404.79,7
2016-12-18,404.43,7
2016-12-25,404.78,7
2017-01-01,405.95,7
2017-01-08,406.02,7
2017-01-15,406.18,6
2017-01-22,406.52,4
2017-01-29,406.24,6
2017-02-05,406.07,7
2017-02-12,405.95,7
2017-02-19,406.95,5
2017-02-26,407.41,7
2017-03-05,406.15,2
2017-03-12,407.1,5
2017-03-19,406.82,6
2017-03-26,408.41,7
2017-04-02,407.64,6
2017-04-09,408.89,5
2017-04-16,409.65,6
2017-04-23,409.96,6
2017-04-30,409.17,5
2017-05-07,409.32,7
2017-05-14,410.4,5
2017-05-21,410.0,7
2017-05-28,409.57,7
2017-06-04,409.69,7
2017-06-11,409.43,4
2017-06-18,408.31,6
2017-06-25,407.76,7
2017-07-02,408.04,5
2017-07-09,407.06,7
2017-07-16,406.81,7
2017-07-23,406.73,6
2017-07-30,406.47,6
2017-08-06,405.53,7
2017-08-13,405.2,6
2017-08-20,404.54,7
2017-08-27,404.23,7
2017-09-03,403.7,6
2017-09-10,403.68,7
2017-09-17,403.05,5
2017-09-24,402.76,6
2017-10-01,402.95,6
2017-10-08,403.4,7
2017-10-15,403.95,6
2017-10-22,404.0,6
2017-10-29,404.15,6
2017-11-05,404.25,7
2017-11-12,405.07,7
2017-11-19,406.12,5
2017-11-26,406.33,5
2017-12-03,406.74,7
2017-12-10,406.53,7
2017-12-17,406.83,7
2017-12-24,407.21,7
2017-12-31,407.37,7
2018-01-07,408.14,6
2018-01-14,407.89,7
2018-01-21,408.27,6
2018-01-28,407.88,7
2018-02-04,408.2,7
2018-02-11,408.37,7
2018-02-18,408.45,7
2018-02-25,408.9,7
2018-03-04,409.83,7
2018-03-11,408.84,7
2018-03-18,409.12,7
2018-03-25,410.03,6
2018-04-01,409.2,7
2018-04-08,409.45,4
2018-04-15,411.05,2
2018-04-22,411.67,6
2018-04-29,409.62,5
2018-05-06,411.06,4
2018-05-13,411.85,7
2018-05-20,411.45,5
2018-05-27,411.39,7
2018-06-03,410.94,7
2018-06-10,411.16,7
2018-06-17,410.36,6
2018-06-24,410.57,7
2018-07-01,409.38,5
2018-07-08,409.16,6
2018-07-15,408.54,7
2018-07-22,408.28,7
2018-07-29,407.46,6
2018-08-05,407.23,7
2018-08-12,407.07,7
2018-08-19,406.84,7
2018-08-26,406.26,6
2018-09-02,405.47,7
2018-09-09,405.39,7
2018-09-16,405.69,7
2018-09-23,405.54,6
2018-09-30,405.5,7
2018-10-07,405.58,7
2018-10-14,406.0,6
2018-10-21,406.62,7
2018-10-28,406.48,6
2018-11-04,406.99,5
2018-11-11,408.72,5
2018-11-18,408.6,6
2018-11-25,408.38,7
2018-12-02,408.49,6
2018-12-09,409.4,7
2018-12-16,409.3,7
2018-12-23,409.13,7
2018-12-30,409.6,7
2019-01-06,410.67,6
2019-01-13,410.4,5
2019-01-20,411.99,6
2019-01-27,411.02,7
2019-02-03,411.63,7
2019-02-10,412.41,6
2019-02-17,410.98,7
2019-02-24,412.4,7
2019-03-03,412.14,7
2019-03-10,412.16,7
2019-03-17,411.82,7
2019-03-24,411.32,4
2019-03-31,412.21,6
2019-04-07,413.13,6
2019-04-14,413.59,7
2019-04-21,413.77,6
2019-04-28,414.32,5
2019-05-05,414.37,7
2019-05-12,415.39,6
2019-05-19,414.74,6
2019-05-26,414.3,7
2019-06-02,414.41,5
2019-06-09,414.08,6
2019-06-16,413.85,7
2019-06-23,413.35,7
2019-06-30,413.38,6
2019-07-07,412.05,7
2019-07-14,412.14,3
2019-07-21,410.87,5
2019-07-28,410.2,6
2019-08-04,410.34,7
2019-08-11,410.24,7
2019-08-18,409.57,6
2019-08-25,409.45,6
2019-09-01,408.8,7
2019-09-08,408.59,7
2019-09-15,408.5,6
2019-09-22,408.32,7
2019-09-29,407.96,7
2019-10-06,408.39,7
2019-10-13,408.62,7
2019-10-20,408.78,6
2019-10-27,409.32,6
2019-11-03,409.9,6
2019-11-10,410.25,5
2019-11-17,410.19,6
2019-11-24,410.71,7
2019-12-01,411.07,7
2019-12-08,411.32,7
2019-12-15,411.89,7
2019-12-22,412.21,7
2019-12-29,412.95,6
2020-01-05,413.37,7
2020-01-12,412.82,6
2020-01-19,413.65,7
2020-01-26,414.09,7
2020-02-02,414.33,7
2020-02-09,414.4,6
2020-02-16,414.01,7
2020-02-23,413.72,7
